,dataset_name,cls_encoding,classifier,AUC,#event columns,#case columns,#control columns,#eventcase columns,#controlcase columns,#eventcontrol columns,total cols,pars. event,pars. case,pars. control,pars. eventcase,pars. controlcase,pars. eventcontrol,total pars cols,perc_pars_event,perc_pars_case,perc_pars_control,perc_pars_eventcase,perc_pars_controlcase,perc_pars_eventcontrol,perc_event_total,perc_case_total,perc_control_total,perc_eventcase_total,perc_controlcase_total,perc_eventcontrol_total,perc_pars_total,FC event,FC_case,FC control,monotonicity,"shap (event, case, control)","feature importance (event, case, control)",LOD
0,bpic2011_f1,agg,LR,0.966006483071619,136,730,175,/,/,/,1041,10.0,101.0,18.0,/,/,/,129.0,7.352941176470588,13.835616438356162,10.285714285714286,/,/,/,7.751937984496124,78.29457364341084,13.953488372093023,/,/,/,12.39193083573487,0.5094243504839532,0.0,0.0,1.0,/,/,0.0
1,bpic2011_f1,index,LR,0.9442829873051636,2248,730,2368,/,/,/,5346,91.0,129.0,52.0,/,/,/,272.0,4.048042704626335,17.671232876712327,2.195945945945946,/,/,/,33.455882352941174,47.4264705882353,19.11764705882353,/,/,/,5.08791619902731,44.5406690439803,19.27322125997623,17.660044150110377,1.0,/,/,0.0
2,bpic2011_f1,agg,LLM,0.9638261160330224,136,730,175,/,/,/,1041,38.0,205.75,51.75,/,/,/,295.5,27.94117647058824,28.184931506849317,29.571428571428573,/,/,/,12.859560067681896,69.62774957698815,17.512690355329948,/,/,/,28.386167146974064,0.5773475972151468,0.4584819154355578,99.54151808456444,1.0,/,/,0.0
3,bpic2011_f1,index,LLM,0.9479225556074464,2248,730,2368,/,/,/,5346,771.3333333333333,279.6666666666667,812.0,/,/,/,1863.0,34.311832740213525,38.31050228310502,34.29054054054054,/,/,/,41.40275541241724,15.011629987475398,43.58561460010736,/,/,/,34.84848484848485,23.161827135337067,26.20139242655799,75.93818984547461,1.0,/,/,0.0
4,bpic2011_f1,agg,GLRM,0.9204783137799242,136,730,175,1,2,1,1045,0.0,1.0,2.0,1,2,1,7.0,0.0,0.136986301369863,1.1428571428571428,100.0,100.0,100.0,0.0,14.285714285714286,28.571428571428573,14.285714285714286,28.571428571428573,14.285714285714286,0.6698564593301436,40.53319748683988,14.34878587196468,64.54406520631686,1.0,/,/,0.0
5,bpic2011_f1,index,GLRM,0.811562397535329,2248,730,2368,0,2,1,5349,0.0,1.0,1.0,0,2,1,5.0,0.0,0.136986301369863,0.0422297297297297,0,100.0,100.0,0.0,20.0,20.0,0.0,40.0,20.0,0.093475415965601,0.0,11.784683307862116,75.95517065715741,1.0,/,/,0.0
6,bpic2011_f1,agg,XGB,0.9557036096781838,136,730,175,/,/,/,1041,80.0,67.0,68.0,/,/,/,215.0,58.8235294117647,9.178082191780822,38.85714285714285,/,/,/,37.2093023255814,31.162790697674417,31.627906976744185,/,/,/,20.65321805955812,34.589913397860414,17.201562234674817,50.07641365257259,0.7700511971958268,"[4, 3, 3]","[1, 7, 2]",5.0990195135927845
7,bpic2011_f1,index,XGB,0.9231115543742764,2248,730,2368,/,/,/,5346,22.0,11.999999999999998,4.0,/,/,/,38.0,0.9786476868327402,1.643835616438356,0.1689189189189189,/,/,/,57.89473684210526,31.578947368421048,10.526315789473683,/,/,/,0.710811821922933,29.12209203599932,45.55951774494821,47.563253523518426,0.6832566622118489,"[3, 6, 1]","[1, 6, 3]",2.8284271247461903
8,bpic2011_f1,agg,RF,0.9309371885479804,136,730,175,/,/,/,1041,126.0,730.0,175.0,/,/,/,1031.0,92.6470588235294,100.0,100.0,/,/,/,12.221144519883609,70.80504364694471,16.973811833171677,/,/,/,99.03938520653216,40.29546612328069,26.60893190694516,53.370691119035484,0.1436567055085166,"[2, 4, 4]","[0, 8, 2]",4.898979485566356
9,bpic2011_f1,index,RF,0.8941983720668147,2248,730,2368,/,/,/,5346,1839.0,730.0,1779.0,/,/,/,4348.0,81.80604982206405,100.0,75.1266891891892,/,/,/,42.2953081876725,16.789328426862927,40.91536338546458,/,/,/,81.33183688739244,26.422142978434373,39.446425539140776,34.52199015112922,0.1008665414801692,"[5, 4, 1]","[2, 6, 2]",3.7416573867739413
10,bpic2011_f1,embed,LSTM,0.7948105397798289,13,6,1,/,/,/,20,13.0,6.0,1.0,/,/,/,20.0,100.0,100.0,100.0,/,/,/,65.0,30.0,5.0,/,/,/,100.0,1.784883154556377,1.6809724311862058,1.6809724311862058,0.5069213421747158,"[4, 5, 1]","[4, 5, 1]",0.0
11,bpic2011_f1,embed,CNN,0.7691984880098655,13,6,1,/,/,/,20,13.0,6.0,1.0,/,/,/,20.0,100.0,100.0,100.0,/,/,/,65.0,30.0,5.0,/,/,/,100.0,2.169136350352322,2.122593005509433,2.1236754088778724,0.2466320951626588,"[4, 5, 1]","[5, 4, 1]",1.4142135623730951
12,bpic2011_f2,agg,LR,0.9881112237104576,146,760,215,/,/,/,1121,7.0,118.0,9.0,/,/,/,134.0,4.794520547945205,15.526315789473689,4.186046511627907,/,/,/,5.223880597014926,88.05970149253733,6.7164179104477615,/,/,/,11.953612845673506,3.2206759443339963,0.3843605036447978,0.5434062292909212,1.0,/,/,0.0
13,bpic2011_f2,index,LR,0.9641142704155332,2660,760,3139,/,/,/,6559,39.0,148.0,56.99999999999999,/,/,/,244.0,1.466165413533835,19.473684210526315,1.815864925135393,/,/,/,15.98360655737705,60.65573770491803,23.360655737704917,/,/,/,3.720079280378106,3.6713055003313455,0.6626905235255135,0.6494367130550034,1.0,/,/,0.0
14,bpic2011_f2,agg,LLM,0.972269157833317,146,760,215,/,/,/,1121,126.5,542.5,192.5,/,/,/,861.5,86.64383561643835,71.38157894736842,89.53488372093024,/,/,/,14.683691236215903,62.97156123041207,22.344747533372026,/,/,/,76.85102586975914,45.301524188204105,0.3976143141153081,9.966865473823724,1.0,/,/,0.0
15,bpic2011_f2,index,LLM,0.9415619522394292,2660,760,3139,/,/,/,6559,7.5,28.75,9.0,/,/,/,45.25,0.2819548872180451,3.782894736842105,0.2867155144950621,/,/,/,16.574585635359117,63.53591160220994,19.88950276243094,/,/,/,0.6898917517914316,39.85420808482439,77.7998674618953,19.642147117296226,1.0,/,/,0.0
16,bpic2011_f2,agg,GLRM,0.9796763038925248,146,760,215,3,2,1,1127,2.0,3.0,0.0,3,2,1,11.0,1.36986301369863,0.3947368421052631,0.0,100.0,100.0,100.0,18.181818181818183,27.272727272727277,0.0,27.272727272727273,18.181818181818183,9.090909090909092,0.9760425909494232,28.389662027833,34.07554671968191,40.67594433399602,1.0,/,/,0.0
17,bpic2011_f2,index,GLRM,0.9136422105037204,2660,760,3139,3,2,1,6565,0.0,2.0,2.0,3,2,1,10.0,0.0,0.2631578947368421,0.0637145587766804,100.0,100.0,100.0,0.0,20.0,20.0,30.0,20.0,10.0,0.1523229246001523,28.641484426772696,24.87740225314778,40.96752816434725,1.0,/,/,0.0
18,bpic2011_f2,agg,XGB,0.9798511944293564,146,760,215,/,/,/,1121,79.00000000000001,65.0,73.0,/,/,/,217.0,54.10958904109589,8.552631578947368,33.95348837209303,/,/,/,36.40552995391706,29.95391705069125,33.64055299539171,/,/,/,19.35771632471008,40.87475149105368,14.022531477799868,23.803843605036448,0.7650782505326904,"[3, 5, 2]","[1, 7, 2]",2.8284271247461903
19,bpic2011_f2,index,XGB,0.902794586969258,2660,760,3139,/,/,/,6559,308.0,79.0,110.0,/,/,/,497.0,11.578947368421051,10.394736842105264,3.504300732717426,/,/,/,61.971830985915496,15.895372233400405,22.132796780684103,/,/,/,7.577374599786553,21.298873426110006,19.231278992710404,14.10205434062293,0.6764928413441258,"[3, 6, 1]","[1, 7, 2]",2.449489742783178
20,bpic2011_f2,agg,RF,0.9849383261622902,146,760,215,/,/,/,1121,134.0,760.0,207.0,/,/,/,1101.0,91.78082191780824,100.0,96.27906976744184,/,/,/,12.170753860127157,69.02815622161671,18.80108991825613,/,/,/,98.21587867975022,27.634194831013914,28.151093439363816,25.23525513585156,0.0594350905890878,"[3, 3, 4]","[0, 9, 1]",7.3484692283495345
21,bpic2011_f2,index,RF,0.938923584509598,2660,760,3139,/,/,/,6559,2061.0,760.0,1974.0,/,/,/,4795.0,77.4812030075188,100.0,62.88626951258362,/,/,/,42.9822732012513,15.849843587069865,41.167883211678834,/,/,/,73.10565635005337,15.758780649436712,12.379058979456593,46.66666666666666,0.0544546151155681,"[4, 5, 1]","[2, 8, 0]",3.7416573867739413
22,bpic2011_f2,embed,LSTM,0.8925070282350932,13,6,1,/,/,/,20,13.0,6.0,1.0,/,/,/,20.0,100.0,100.0,100.0,/,/,/,65.0,30.0,5.0,/,/,/,100.0,0.2273267057985274,0.2510772571506124,0.2510772571506124,0.6121617476024303,"[4, 5, 1]","[5, 4, 1]",1.4142135623730951
23,bpic2011_f2,embed,CNN,0.79202750425163,13,6,1,/,/,/,20,13.0,6.0,1.0,/,/,/,20.0,100.0,100.0,100.0,/,/,/,65.0,30.0,5.0,/,/,/,100.0,0.5089403861161063,0.5089403861161063,0.5089403861161063,-0.1357681566204864,"[4, 5, 1]","[7, 3, 0]",3.7416573867739413
24,bpic2011_f3,agg,LR,0.9872061916037298,132,670,166,/,/,/,968,2.0,97.0,12.0,/,/,/,111.0,1.5151515151515151,14.477611940298509,7.228915662650603,/,/,/,1.8018018018018016,87.38738738738739,10.81081081081081,/,/,/,11.46694214876033,0.0,1.2469337694194604,0.0,1.0,/,/,0.0
25,bpic2011_f3,index,LR,0.9721209440047236,1871,670,1980,/,/,/,4521,509.0,511.00000000000006,577.0,/,/,/,1597.0,27.204703367183324,76.26865671641792,29.141414141414145,/,/,/,31.87226048841578,31.997495303694432,36.1302442078898,/,/,/,35.324043353240434,0.0,0.0,0.0,1.0,/,/,0.0
26,bpic2011_f3,agg,LLM,0.9723951255564603,132,670,166,/,/,/,968,112.5,481.0,148.0,/,/,/,741.5,85.22727272727273,71.7910447761194,89.1566265060241,/,/,/,15.171948752528658,64.86850977747808,19.95954146999326,/,/,/,76.60123966942149,63.450531479967296,1.226492232215863,20.564186426819298,1.0,/,/,0.0
27,bpic2011_f3,index,LLM,0.9670747151079476,1871,670,1980,/,/,/,4521,0.0,21.0,7.0,/,/,/,28.0,0.0,3.1343283582089554,0.3535353535353535,/,/,/,0.0,75.0,25.0,/,/,/,0.6193320061933201,28.47506132461161,11.24284546197874,60.89533932951758,1.0,/,/,0.0
28,bpic2011_f3,agg,GLRM,0.9839755308842564,132,670,166,0,3,1,972,0.0,2.0,3.0,0,3,1,9.0,0.0,0.2985074626865671,1.8072289156626504,0,100.0,100.0,0.0,22.22222222222222,33.333333333333336,0.0,33.333333333333336,11.11111111111111,0.925925925925926,0.4497138184791496,66.9255928045789,35.60915780866721,1.0,/,/,0.0
29,bpic2011_f3,index,GLRM,0.9789244026480386,1871,670,1980,2,0,1,4524,2.0,2.0,1.0,2,0,1,8.0,0.1063602351683591,0.2985074626865671,0.0505050505050505,100.0,0,100.0,25.0,25.0,12.5,25.0,0.0,12.5,0.1768346595932803,15.596892886345056,80.17170891251023,16.49632052330335,1.0,/,/,0.0
30,bpic2011_f3,agg,XGB,0.988525021198716,132,670,166,/,/,/,968,72.0,39.0,48.0,/,/,/,159.0,54.54545454545455,5.82089552238806,28.91566265060241,/,/,/,45.283018867924525,24.52830188679245,30.18867924528302,/,/,/,16.425619834710744,22.75143090760425,9.01471790678659,31.275551921504498,0.8218301678130657,"[1, 6, 3]","[1, 7, 2]",1.4142135623730951
31,bpic2011_f3,index,XGB,0.976994335093406,1871,670,1980,/,/,/,4521,269.0,43.0,88.0,/,/,/,400.0,14.377338321753074,6.417910447761194,4.444444444444445,/,/,/,67.25,10.75,22.0,/,/,/,8.847600088476002,24.38675388389207,21.565821749795585,10.016353229762878,0.73445442617813,"[4, 6, 0]","[2, 8, 0]",2.8284271247461903
32,bpic2011_f3,agg,RF,0.988749937170508,132,670,166,/,/,/,968,120.0,670.0,161.0,/,/,/,951.0,90.9090909090909,100.0,96.98795180722892,/,/,/,12.618296529968454,70.4521556256572,16.929547844374344,/,/,/,98.24380165289256,17.31398201144726,31.152902698282908,31.19378577269011,0.1242991956104626,"[1, 5, 4]","[1, 9, 0]",5.656854249492381
33,bpic2011_f3,index,RF,0.967785935883615,1871,670,1980,/,/,/,4521,1419.0,670.0,1346.0,/,/,/,3435.0,75.84179583110637,100.0,67.97979797979798,/,/,/,41.31004366812227,19.50509461426492,39.18486171761281,/,/,/,75.97876575978766,18.80621422730989,21.07522485690924,9.341782502044154,0.0856945431053538,"[4, 5, 1]","[3, 4, 3]",2.449489742783178
34,bpic2011_f3,embed,LSTM,0.796870029778911,13,6,1,/,/,/,20,13.0,6.0,1.0,/,/,/,20.0,100.0,100.0,100.0,/,/,/,65.0,30.0,5.0,/,/,/,100.0,3.475580983838622,4.066886870355078,4.063937713813849,0.8146089397229188,"[4, 5, 1]","[4, 5, 1]",0.0
35,bpic2011_f3,embed,CNN,0.8986117993876551,13,6,1,/,/,/,20,13.0,6.0,1.0,/,/,/,20.0,100.0,100.0,100.0,/,/,/,65.0,30.0,5.0,/,/,/,100.0,4.013802052612952,4.040344461484016,4.040344461484016,0.6820542305964085,"[4, 5, 1]","[5, 4, 1]",1.4142135623730951
36,bpic2011_f4,agg,LR,0.877720341447261,143,759,204,/,/,/,1106,46.0,600.0,85.0,/,/,/,731.0,32.16783216783217,79.05138339920948,41.66666666666666,/,/,/,6.292749658002736,82.07934336525308,11.627906976744184,/,/,/,66.09403254972875,79.98932051795488,0.2002402883460152,0.066746762782005,1.0,/,/,0.0
37,bpic2011_f4,index,LR,0.8698162522608218,2647,759,3064,/,/,/,6470,41.0,155.0,47.99999999999999,/,/,/,244.0,1.5489233094068755,20.42160737812912,1.5665796344647516,/,/,/,16.80327868852459,63.52459016393443,19.67213114754098,/,/,/,3.7712519319938176,0.92110532639167,0.4538779869176345,0.0,1.0,/,/,0.0
38,bpic2011_f4,agg,LLM,0.8838418300239995,143,759,204,/,/,/,1106,119.0,397.5,166.0,/,/,/,682.5,83.21678321678321,52.37154150197628,81.37254901960785,/,/,/,17.435897435897434,58.24175824175824,24.32234432234432,/,/,/,61.70886075949367,52.89013482846082,46.65598718462154,0.1601922306768121,1.0,/,/,0.0
39,bpic2011_f4,index,LLM,0.8724147387611763,2647,759,3064,/,/,/,6470,672.9999999999999,233.50000000000003,774.5,/,/,/,1681.0,25.4246316584813,30.76416337285903,25.27741514360313,/,/,/,40.03569303985722,13.890541344437835,46.073765615704936,/,/,/,25.98145285935085,2.616473101054599,71.83286610599386,0.4271792818048324,1.0,/,/,0.0
40,bpic2011_f4,agg,GLRM,0.7893561233998866,143,759,204,0,1,1,1108,0.0,3.0,0.0,0,1,1,5.0,0.0,0.3952569169960474,0.0,0,100.0,100.0,0.0,60.0,0.0,0.0,20.0,20.0,0.4512635379061371,0.0,60.83299959951943,55.42651181417702,1.0,/,/,0.0
41,bpic2011_f4,index,GLRM,0.7802998079097873,2647,759,3064,0,2,1,6473,0.0,3.0,0.0,0,2,1,6.0,0.0,0.3952569169960474,0.0,0,100.0,100.0,0.0,50.0,0.0,0.0,33.333333333333336,16.666666666666668,0.0926927236211957,0.0,58.02963556267521,56.027232679215054,1.0,/,/,0.0
42,bpic2011_f4,agg,XGB,0.8511613676616979,143,759,204,/,/,/,1106,69.0,152.0,52.0,/,/,/,273.0,48.25174825174825,20.02635046113307,25.49019607843137,/,/,/,25.274725274725277,55.67765567765568,19.047619047619047,/,/,/,24.68354430379747,53.944733680416505,8.917367507675877,7.195301027900147,0.3317114765865438,"[2, 8, 0]","[1, 9, 0]",1.4142135623730951
43,bpic2011_f4,index,XGB,0.8361633484085805,2647,759,3064,/,/,/,6470,189.0,148.0,56.0,/,/,/,393.0,7.140158670192671,19.499341238471672,1.827676240208877,/,/,/,48.09160305343512,37.659033078880405,14.249363867684478,/,/,/,6.0741885625966,44.01281537845414,15.859030837004406,8.436790815645441,0.2765521081439241,"[3, 7, 0]","[2, 8, 0]",1.4142135623730951
44,bpic2011_f4,agg,RF,0.8904474097027821,143,759,204,/,/,/,1106,127.0,759.0,201.0,/,/,/,1087.0,88.81118881118881,100.0,98.52941176470588,/,/,/,11.683532658693652,69.82520699172034,18.491260349586017,/,/,/,98.28209764918626,59.81844880523295,47.08316646642638,34.49472700574022,0.131286775776976,"[0, 9, 1]","[0, 10, 0]",1.4142135623730951
45,bpic2011_f4,index,RF,0.7752561334074186,2647,759,3064,/,/,/,6470,2181.0,759.0,2077.0,/,/,/,5017.0,82.39516433698526,100.0,67.78720626631853,/,/,/,43.472194538568864,15.128562886186964,41.39924257524417,/,/,/,77.54250386398763,42.87812041116006,40.221599252436256,36.64397276732079,0.0724753530016909,"[5, 5, 0]","[0, 10, 0]",7.0710678118654755
46,bpic2011_f4,embed,LSTM,0.8727431690718865,13,6,1,/,/,/,20,13.0,6.0,1.0,/,/,/,20.0,100.0,100.0,100.0,/,/,/,65.0,30.0,5.0,/,/,/,100.0,2.6868316403272,2.6586721062644663,2.681337097095447,0.6989248299397824,"[4, 5, 1]","[4, 5, 1]",0.0
47,bpic2011_f4,embed,CNN,0.8304151379171074,13,6,1,/,/,/,20,13.0,6.0,1.0,/,/,/,20.0,100.0,100.0,100.0,/,/,/,65.0,30.0,5.0,/,/,/,100.0,1.934079217577044,1.8880624180111123,1.8880624180111123,0.5848474439036341,"[4, 5, 1]","[5, 4, 1]",1.4142135623730951
48,bpic2015_1_f2,agg,LR,0.9085990929808616,88,35,266,/,/,/,389,5.0,6.0,11.0,/,/,/,22.0,5.681818181818182,17.142857142857142,4.135338345864661,/,/,/,22.727272727272727,27.272727272727277,50.0,/,/,/,5.655526992287918,0.1230516817063166,29.983593109105826,0.3691550451189499,1.0,/,/,0.0
49,bpic2015_1_f2,index,LR,0.8878266826920467,1733,35,2448,/,/,/,4216,572.0,32.0,937.0,/,/,/,1541.0,33.00634737449509,91.42857142857144,38.27614379084967,/,/,/,37.11875405580792,2.076573653471772,60.80467229072031,/,/,/,36.55123339658444,25.902378999179653,27.27645611156686,1.251025430680886,1.0,/,/,0.0
50,bpic2015_1_f2,agg,LLM,0.9133902038893033,88,35,266,/,/,/,389,31.666666666666664,13.666666666666668,95.33333333333334,/,/,/,140.66666666666669,35.97727272727273,39.04761904761905,35.83959899749374,/,/,/,22.511848341232223,9.71563981042654,67.77251184834122,/,/,/,36.161096829477295,14.273995077932732,22.579983593109105,55.00410172272354,1.0,/,/,0.0
51,bpic2015_1_f2,index,LLM,0.7433917564837101,1733,35,2448,/,/,/,4216,1394.0,25.5,1505.0,/,/,/,2924.5,80.43854587420658,72.85714285714286,61.47875816993464,/,/,/,47.666267738074886,0.8719439220379552,51.46178833988716,/,/,/,69.36669829222011,77.13289581624282,19.21657095980312,0.5127153404429861,1.0,/,/,0.0
52,bpic2015_1_f2,agg,GLRM,0.892095231580856,88,35,266,0,3,1,393,0.0,0.0,3.0,0,3,1,7.0,0.0,0.0,1.1278195488721805,0,100.0,100.0,0.0,0.0,42.85714285714285,0.0,42.857142857142854,14.285714285714286,1.7811704834605595,0.0,26.866283839212468,94.81132075471696,1.0,/,/,0.0
53,bpic2015_1_f2,index,GLRM,0.4705333867512667,1733,35,2448,0,2,1,4219,1.0,0.0,2.0,0,2,1,6.0,0.0571263704558569,0.0,0.0816993464052287,0,100.0,100.0,16.666666666666664,0.0,33.333333333333336,0.0,33.333333333333336,16.666666666666668,0.1422137947380896,92.63740771123872,88.47415914684167,0.0,1.0,/,/,0.0
54,bpic2015_1_f2,agg,XGB,0.9138901827175614,88,35,266,/,/,/,389,64.0,20.0,55.0,/,/,/,139.0,72.72727272727273,57.142857142857146,20.67669172932331,/,/,/,46.0431654676259,14.388489208633093,39.568345323741006,/,/,/,35.732647814910024,15.299425758818703,4.614438063986874,92.12469237079574,0.8697173253678919,"[3, 3, 4]","[2, 4, 4]",1.4142135623730951
55,bpic2015_1_f2,index,XGB,0.7444749896584184,1733,35,2448,/,/,/,4216,347.0,18.0,114.0,/,/,/,479.0,20.023081361800347,51.42857142857143,4.65686274509804,/,/,/,72.44258872651356,3.757828810020877,23.799582463465555,/,/,/,11.361480075901328,41.2428219852338,19.52420016406891,31.91140278917145,0.7680104064305748,"[6, 3, 1]","[3, 4, 3]",3.7416573867739413
56,bpic2015_1_f2,agg,RF,0.9253343235194168,88,35,266,/,/,/,389,86.0,34.0,223.0,/,/,/,343.0,97.72727272727272,97.14285714285714,83.83458646616542,/,/,/,25.07288629737609,9.912536443148689,65.01457725947522,/,/,/,88.17480719794345,6.972928630024611,2.3379819524200167,90.01230516817064,0.3434452836177182,"[2, 1, 7]","[2, 5, 3]",5.656854249492381
57,bpic2015_1_f2,index,RF,0.7100014223067644,1733,35,2448,/,/,/,4216,1416.0,34.0,1544.0,/,/,/,2994.0,81.70802077322563,97.14285714285714,63.071895424836605,/,/,/,47.29458917835672,1.1356045424181698,51.56980627922512,/,/,/,71.01518026565465,6.25512715340443,75.28712059064807,75.28712059064807,0.1424651070261064,"[5, 1, 4]","[5, 5, 0]",5.656854249492381
58,bpic2015_1_f2,embed,LSTM,0.9116420694454848,11,17,1,/,/,/,29,11.0,0.0,1.0,/,/,/,12.0,100.0,0.0,100.0,/,/,/,91.66666666666669,0.0,8.333333333333334,/,/,/,41.37931034482759,3.802467558734924,1.128391828739927,3.871661397289731,0.1885433354475643,"[3, 6, 1]","[0, 9, 1]",4.242640687119285
59,bpic2015_1_f2,embed,CNN,0.8901437398416354,11,17,1,/,/,/,29,11.0,0.0,1.0,/,/,/,12.0,100.0,0.0,100.0,/,/,/,91.66666666666669,0.0,8.333333333333334,/,/,/,41.37931034482759,1.8458787085236164,1.1305208699262288,2.297235440019587,-0.502525126884532,"[3, 6, 1]","[1, 9, 0]",3.7416573867739413
60,bpic2015_2_f2,agg,LR,0.9515401359262488,68,23,300,/,/,/,391,48.0,22.0,149.0,/,/,/,219.0,70.58823529411765,95.65217391304348,49.66666666666666,/,/,/,21.91780821917808,10.04566210045662,68.03652968036529,/,/,/,56.010230179028135,0.0172741406115045,0.2245638279495595,0.0172741406115045,1.0,/,/,0.0
61,bpic2015_2_f2,index,LR,0.8957865628601641,1144,23,2933,/,/,/,4100,61.0,7.0,94.0,/,/,/,162.0,5.3321678321678325,30.43478260869565,3.204909648823729,/,/,/,37.65432098765432,4.320987654320987,58.02469135802468,/,/,/,3.951219512195122,0.0,0.0,1.900155467265504,1.0,/,/,0.0
62,bpic2015_2_f2,agg,LLM,0.927184126178832,68,23,300,/,/,/,391,26.333333333333336,11.333333333333334,104.66666666666666,/,/,/,142.33333333333331,38.72058823529412,49.275362318840585,34.888888888888886,/,/,/,18.50117096018736,7.962529274004686,73.53629976580797,/,/,/,36.40238704177323,0.0,0.0,94.99049922266369,1.0,/,/,0.0
63,bpic2015_2_f2,index,LLM,0.9016215732683276,1144,23,2933,/,/,/,4100,399.00000000000006,12.999999999999998,1002.3333333333331,/,/,/,1414.3333333333333,34.87762237762238,56.52173913043477,34.174337992953745,/,/,/,28.21117134103229,0.919160971011077,70.86966768795664,/,/,/,34.49593495934959,77.23268267403697,96.5624460183106,0.5873207807911557,1.0,/,/,0.0
64,bpic2015_2_f2,agg,GLRM,0.865451531060924,68,23,300,1,3,1,396,0.0,0.0,5.0,1,3,1,10.0,0.0,0.0,1.6666666666666667,100.0,100.0,100.0,0.0,0.0,50.0,10.0,30.0,10.0,2.525252525252525,88.6508896182415,46.20832613577475,93.76403523924684,1.0,/,/,0.0
65,bpic2015_2_f2,index,GLRM,0.6572318693337955,1144,23,2933,0,2,1,4103,0.0,0.0,1.0,0,2,1,4.0,0.0,0.0,0.0340947834981247,0,100.0,100.0,0.0,0.0,25.0,0.0,50.0,25.0,0.0974896417255666,0.0,96.9597512523752,96.5624460183106,1.0,/,/,0.0
66,bpic2015_2_f2,agg,XGB,0.9490643888698986,68,23,300,/,/,/,391,55.0,19.0,60.0,/,/,/,134.0,80.88235294117646,82.6086956521739,20.0,/,/,/,41.04477611940298,14.17910447761194,44.776119402985074,/,/,/,34.271099744245525,26.723095525997586,7.030575228882363,94.81775781654864,0.8825819714361369,"[5, 2, 3]","[4, 3, 3]",1.4142135623730951
67,bpic2015_2_f2,index,XGB,0.8287069547792636,1144,23,2933,/,/,/,4100,348.0,17.0,110.0,/,/,/,475.0,30.41958041958042,73.91304347826087,3.750426184793727,/,/,/,73.26315789473684,3.5789473684210527,23.157894736842103,/,/,/,11.585365853658535,56.07186042494386,4.750388668163759,9.224391086543443,0.7101644701463018,"[8, 2, 0]","[3, 4, 3]",6.164414002968976
68,bpic2015_2_f2,agg,RF,0.9399744776363854,68,23,300,/,/,/,391,66.0,23.0,253.0,/,/,/,342.0,97.05882352941175,100.0,84.33333333333333,/,/,/,19.29824561403509,6.7251461988304095,73.9766081871345,/,/,/,87.46803069053709,24.857488339955086,21.5235792019347,88.61634133701848,0.4271203012367092,"[2, 3, 5]","[2, 6, 2]",4.242640687119285
69,bpic2015_2_f2,index,RF,0.8794891551561785,1144,23,2933,/,/,/,4100,1004.0,23.0,1711.0,/,/,/,2738.0,87.76223776223776,100.0,58.33617456529151,/,/,/,36.6691015339664,0.8400292184075968,62.490869247626,/,/,/,66.78048780487805,6.166868198307134,9.58714803938504,90.516496804284,0.1611446703085543,"[6, 3, 1]","[6, 4, 0]",1.4142135623730951
70,bpic2015_2_f2,embed,LSTM,0.9362403302609408,11,17,1,/,/,/,29,11.0,0.0,1.0,/,/,/,12.0,100.0,0.0,100.0,/,/,/,91.66666666666669,0.0,8.333333333333334,/,/,/,41.37931034482759,1.3777140026307249,1.6108918840431166,2.173764498881088,0.1279401204822758,"[3, 6, 1]","[3, 6, 1]",0.0
71,bpic2015_2_f2,embed,CNN,0.9374482778886706,11,17,1,/,/,/,29,11.0,0.0,1.0,/,/,/,12.0,100.0,0.0,100.0,/,/,/,91.66666666666669,0.0,8.333333333333334,/,/,/,41.37931034482759,0.972001571601838,0.998479646047934,1.7168041818274995,-0.6329365169061317,"[3, 6, 1]","[2, 8, 0]",2.449489742783178
72,bpic2015_3_f2,agg,LR,0.9584984546579984,87,34,314,/,/,/,435,63.0,33.0,160.0,/,/,/,256.0,72.41379310344827,97.05882352941175,50.955414012738856,/,/,/,24.609375,12.890625,62.5,/,/,/,58.85057471264368,0.0597550044816253,0.0099591674136042,1.3046509311821533,1.0,/,/,0.0
73,bpic2015_3_f2,index,LR,0.8982498926368778,1700,34,3083,/,/,/,4817,823.0,33.0,1743.9999999999998,/,/,/,2600.0,48.41176470588236,97.05882352941175,56.568277651638006,/,/,/,31.653846153846157,1.2692307692307692,67.07692307692307,/,/,/,53.97550342536849,18.802908076884773,6.104969624539389,5.676725425754407,1.0,/,/,0.0
74,bpic2015_3_f2,agg,LLM,0.9564378425289526,87,34,314,/,/,/,435,86.0,33.5,307.5,/,/,/,427.0,98.85057471264368,98.52941176470588,97.92993630573248,/,/,/,20.140515222482435,7.845433255269321,72.01405152224824,/,/,/,98.16091954022988,1.215018424459715,0.0,93.08833781495866,1.0,/,/,0.0
75,bpic2015_3_f2,index,LLM,0.9052825154133476,1700,34,3083,/,/,/,4817,439.75,11.5,804.5,/,/,/,1255.75,25.86764705882353,33.8235294117647,26.09471294193967,/,/,/,35.018913000199085,0.9157873780609198,64.06529962174,/,/,/,26.06913016400249,13.434916840952097,0.0,98.04800318693356,1.0,/,/,0.0
76,bpic2015_3_f2,agg,GLRM,0.9376314196433608,87,34,314,0,2,1,438,0.0,0.0,5.0,0,2,1,8.0,0.0,0.0,1.5923566878980893,0,100.0,100.0,0.0,0.0,62.5,0.0,25.0,12.5,1.82648401826484,0.0,0.0,85.8480231052684,1.0,/,/,0.0
77,bpic2015_3_f2,index,GLRM,0.5192059250704287,1700,34,3083,0,1,1,4819,0.0,0.0,2.0,0,1,1,4.0,0.0,0.0,0.0648718780408692,0,100.0,100.0,0.0,0.0,50.0,0.0,25.0,25.0,0.0830047727744345,0.0,98.42645154865052,97.31102479832686,1.0,/,/,0.0
78,bpic2015_3_f2,agg,XGB,0.9492602300974377,87,34,314,/,/,/,435,62.0,21.0,74.0,/,/,/,157.0,71.26436781609195,61.76470588235294,23.56687898089172,/,/,/,39.49044585987261,13.375796178343949,47.13375796178344,/,/,/,36.0919540229885,16.821033761577535,2.977791056667663,87.92948909471167,0.8745129570199441,"[2, 4, 4]","[1, 5, 4]",1.4142135623730951
79,bpic2015_3_f2,index,XGB,0.8679933723178215,1700,34,3083,/,/,/,4817,376.0,21.0,146.0,/,/,/,543.0,22.11764705882353,61.76470588235294,4.735647096983458,/,/,/,69.24493554327809,3.867403314917127,26.887661141804788,/,/,/,11.27257629229811,27.059057862762675,6.881784682800518,46.34996514291405,0.7727035993292405,"[5, 5, 0]","[0, 3, 7]",8.831760866327848
80,bpic2015_3_f2,agg,RF,0.9585520321346204,87,34,314,/,/,/,435,84.0,33.0,275.0,/,/,/,392.0,96.55172413793105,97.05882352941175,87.57961783439491,/,/,/,21.428571428571427,8.418367346938776,70.15306122448979,/,/,/,90.11494252873564,14.29140523852206,5.63688875609999,81.94402947913555,0.4225362273014179,"[0, 1, 9]","[1, 8, 1]",10.677078252031311
81,bpic2015_3_f2,index,RF,0.8953603778765562,1700,34,3083,/,/,/,4817,1317.0,33.0,1867.0,/,/,/,3217.0,77.47058823529412,97.05882352941175,60.55789815115148,/,/,/,40.93876282250544,1.0258004351880634,58.035436742306494,/,/,/,66.78430558438862,12.82740762872224,85.08116721442087,85.08116721442087,0.169479458135571,"[4, 1, 5]","[3, 7, 0]",7.874007874011811
82,bpic2015_3_f2,embed,LSTM,0.9497015221936176,11,18,1,/,/,/,30,11.0,0.0,1.0,/,/,/,12.0,100.0,0.0,100.0,/,/,/,91.66666666666669,0.0,8.333333333333334,/,/,/,40.0,2.0963316685505435,1.1726510877521448,2.19044252017906,0.534851782943795,"[3, 6, 1]","[3, 6, 1]",0.0
83,bpic2015_3_f2,embed,CNN,0.9479283393053528,11,18,1,/,/,/,30,11.0,0.0,1.0,/,/,/,12.0,100.0,0.0,100.0,/,/,/,91.66666666666669,0.0,8.333333333333334,/,/,/,40.0,0.9998655559262448,1.0128120222878396,1.1492478600984928,-0.4831622226603114,"[3, 6, 1]","[1, 9, 0]",3.7416573867739413
84,bpic2015_4_f2,agg,LR,0.9377337784784692,67,23,261,/,/,/,351,4.0,5.0,11.0,/,/,/,20.0,5.970149253731344,21.73913043478261,4.21455938697318,/,/,/,20.0,25.0,55.0,/,/,/,5.698005698005698,0.0,0.0,0.0,1.0,/,/,0.0
85,bpic2015_4_f2,index,LR,0.9377834598552396,1175,23,2148,/,/,/,3346,34.0,5.0,44.0,/,/,/,83.0,2.893617021276596,21.73913043478261,2.0484171322160147,/,/,/,40.963855421686745,6.024096385542169,53.01204819277108,/,/,/,2.480573819485953,30.982367758186395,0.0,19.042821158690177,1.0,/,/,0.0
86,bpic2015_4_f2,agg,LLM,0.9370724641521266,67,23,261,/,/,/,351,66.0,23.0,247.5,/,/,/,336.5,98.50746268656717,100.0,94.82758620689656,/,/,/,19.61367013372957,6.8350668647845465,73.55126300148588,/,/,/,95.86894586894589,12.69521410579345,4.811083123425693,95.59193954659948,1.0,/,/,0.0
87,bpic2015_4_f2,index,LLM,0.9433737187724948,1175,23,2148,/,/,/,3346,790.3333333333333,17.0,1449.3333333333337,/,/,/,2256.666666666667,67.26212765957447,73.91304347826087,67.47361887026692,/,/,/,35.02215657311668,0.7533234859675035,64.2245199409158,/,/,/,67.44371388722854,18.513853904282115,0.0,99.57178841309825,1.0,/,/,0.0
88,bpic2015_4_f2,agg,GLRM,0.9133090336199396,67,23,261,0,0,1,352,0.0,1.0,6.0,0,0,1,8.0,0.0,4.3478260869565215,2.2988505747126435,0,0,100.0,0.0,12.5,75.0,0.0,0.0,12.5,2.272727272727273,0.0,0.0,97.22921914357684,1.0,/,/,0.0
89,bpic2015_4_f2,index,GLRM,0.6298378620668337,1175,23,2148,0,0,1,3347,0.0,0.0,3.0,0,0,1,4.0,0.0,0.0,0.1396648044692737,0,0,100.0,0.0,0.0,75.0,0.0,0.0,25.0,0.1195100089632506,95.81863979848868,0.0,98.41309823677582,1.0,/,/,0.0
90,bpic2015_4_f2,agg,XGB,0.9304825055311934,67,23,261,/,/,/,351,56.0,15.0,51.0,/,/,/,122.0,83.58208955223881,65.21739130434783,19.54022988505747,/,/,/,45.90163934426229,12.295081967213116,41.80327868852459,/,/,/,34.75783475783476,22.7455919395466,8.639798488664988,90.05037783375315,0.881185301952984,"[4, 3, 3]","[2, 5, 3]",2.8284271247461903
91,bpic2015_4_f2,index,XGB,0.8187590254501133,1175,23,2148,/,/,/,3346,304.0,14.0,90.0,/,/,/,408.0,25.872340425531917,60.869565217391305,4.189944134078212,/,/,/,74.50980392156863,3.431372549019608,22.058823529411764,/,/,/,12.193664076509265,26.92695214105793,22.87153652392947,33.95465994962217,0.6881015825843327,"[5, 4, 1]","[3, 5, 2]",2.449489742783178
92,bpic2015_4_f2,agg,RF,0.9397544304747772,67,23,261,/,/,/,351,65.0,23.0,219.0,/,/,/,307.0,97.01492537313432,100.0,83.9080459770115,/,/,/,21.172638436482085,7.49185667752443,71.33550488599349,/,/,/,87.46438746438747,5.26448362720403,3.929471032745592,90.62972292191436,0.3573406460630049,"[1, 3, 6]","[3, 5, 2]",4.898979485566356
93,bpic2015_4_f2,index,RF,0.8450459939145833,1175,23,2148,/,/,/,3346,923.0,23.0,1166.0,/,/,/,2112.0,78.55319148936171,100.0,54.2830540037244,/,/,/,43.70265151515152,1.0890151515151516,55.208333333333336,/,/,/,63.12014345487149,4.181360201511335,88.51385390428212,89.82367758186398,0.1677318998998856,"[3, 5, 2]","[4, 6, 0]",2.449489742783178
94,bpic2015_4_f2,embed,LSTM,0.916125415667519,11,15,1,/,/,/,27,11.0,0.0,1.0,/,/,/,12.0,100.0,0.0,100.0,/,/,/,91.66666666666669,0.0,8.333333333333334,/,/,/,44.44444444444444,3.917164010474127,0.592824957133173,3.4997939733893366,0.6318550698595957,"[3, 6, 1]","[3, 6, 1]",0.0
95,bpic2015_4_f2,embed,CNN,0.8504620920054936,11,15,1,/,/,/,27,11.0,0.0,1.0,/,/,/,12.0,100.0,0.0,100.0,/,/,/,91.66666666666669,0.0,8.333333333333334,/,/,/,44.44444444444444,1.416931399784669,0.971648079964909,2.1134342642191597,-0.475580152367593,"[3, 6, 1]","[1, 9, 0]",3.7416573867739413
96,bpic2015_5_f2,agg,LR,0.9385871298156376,78,25,246,/,/,/,349,54.0,23.0,114.0,/,/,/,191.0,69.23076923076923,92.0,46.34146341463415,/,/,/,28.27225130890052,12.041884816753926,59.68586387434555,/,/,/,54.72779369627507,31.393165602703714,36.18725747903367,1.6522718738265114,1.0,/,/,0.0
97,bpic2015_5_f2,index,LR,0.9148390149294038,1419,25,2537,/,/,/,3981,79.0,14.000000000000002,135.0,/,/,/,228.0,5.567300916138126,56.00000000000001,5.321245565628695,/,/,/,34.64912280701754,6.140350877192984,59.21052631578947,/,/,/,5.727204220045215,11.115283514832894,19.72712479659532,2.415821754913005,1.0,/,/,0.0
98,bpic2015_5_f2,agg,LLM,0.9389247704107344,78,25,246,/,/,/,349,75.66666666666667,24.0,199.66666666666663,/,/,/,299.3333333333333,97.0,96.0,81.16531165311652,/,/,/,25.27839643652561,8.017817371937639,66.70378619153675,/,/,/,85.76886341929321,20.29039929903617,17.060958818375266,72.87520340468143,1.0,/,/,0.0
99,bpic2015_5_f2,index,LLM,0.9058744629921818,1419,25,2537,/,/,/,3981,726.4999999999999,16.25,1297.5,/,/,/,2040.25,51.197322057787176,65.0,51.14308238076468,/,/,/,35.60838132581791,0.7964710207082465,63.59514765347384,/,/,/,51.24968600854056,18.312679934910506,18.650644636375016,2.127925898109901,1.0,/,/,0.0
100,bpic2015_5_f2,agg,GLRM,0.9049319457290088,78,25,246,0,0,1,350,0.0,0.0,5.0,0,0,1,6.0,0.0,0.0,2.032520325203252,0,0,100.0,0.0,0.0,83.33333333333333,0.0,0.0,16.666666666666668,1.7142857142857142,0.0,0.0,95.94442358242584,1.0,/,/,0.0
101,bpic2015_5_f2,index,GLRM,0.7828502666576228,1419,25,2537,1,1,1,3984,2.0,0.0,2.0,1,1,1,7.0,0.1409443269908386,0.0,0.0788332676389436,100.0,100.0,100.0,28.571428571428573,0.0,28.571428571428573,14.285714285714286,14.285714285714286,14.285714285714286,0.1757028112449799,60.5081987733133,35.048191262986606,37.40142696207285,1.0,/,/,0.0
102,bpic2015_5_f2,agg,XGB,0.9411635312023968,78,25,246,/,/,/,349,69.0,19.0,57.0,/,/,/,145.0,88.46153846153847,76.0,23.170731707317078,/,/,/,47.58620689655172,13.10344827586207,39.310344827586206,/,/,/,41.54727793696275,23.97045938164977,8.348979847290023,88.3339591938916,0.8807034141478467,"[4, 2, 4]","[1, 5, 4]",4.242640687119285
103,bpic2015_5_f2,index,XGB,0.8318486444613631,1419,25,2537,/,/,/,3981,389.0,19.0,152.0,/,/,/,560.0,27.41296687808316,76.0,5.991328340559717,/,/,/,69.46428571428571,3.392857142857143,27.142857142857142,/,/,/,14.066817382567194,52.58480410564527,21.579672049067465,23.407184879208916,0.7736758529139968,"[5, 4, 1]","[2, 2, 6]",6.164414002968976
104,bpic2015_5_f2,agg,RF,0.9496283180062516,78,25,246,/,/,/,349,76.0,24.0,220.0,/,/,/,320.0,97.43589743589745,96.0,89.4308943089431,/,/,/,23.75,7.5,68.75,/,/,/,91.69054441260744,21.36687945925648,15.97196144698961,86.40630867442734,0.4184441779501338,"[2, 1, 7]","[2, 6, 2]",7.0710678118654755
105,bpic2015_5_f2,index,RF,0.8921878952082769,1419,25,2537,/,/,/,3981,1251.0,24.0,1788.0,/,/,/,3063.0,88.16067653276956,96.0,70.47694126921562,/,/,/,40.84231145935357,0.7835455435847208,58.3741429970617,/,/,/,76.94046721929163,20.615846789335336,81.1866316184754,81.1866316184754,0.1940002887341937,"[4, 3, 3]","[4, 6, 0]",4.242640687119285
106,bpic2015_5_f2,embed,LSTM,0.9293893752801126,11,18,1,/,/,/,30,11.0,0.0,1.0,/,/,/,12.0,100.0,0.0,100.0,/,/,/,91.66666666666669,0.0,8.333333333333334,/,/,/,40.0,1.550198542975956,3.4887283869555703,1.9647937967044995,0.2292221926901978,"[3, 6, 1]","[2, 7, 1]",1.4142135623730951
107,bpic2015_5_f2,embed,CNN,0.9322902238427984,11,18,1,/,/,/,30,11.0,0.0,1.0,/,/,/,12.0,100.0,0.0,100.0,/,/,/,91.66666666666669,0.0,8.333333333333334,/,/,/,40.0,1.2713003783259855,2.990338617390489,1.659631679329644,-0.5711213650913787,"[3, 6, 1]","[0, 10, 0]",5.0990195135927845
120,sepsis_cases_2,agg,LR,0.92791145028539,78,183,15,/,/,/,276,21.0,64.0,4.0,/,/,/,89.0,26.923076923076923,34.97267759562842,26.666666666666668,/,/,/,23.59550561797753,71.91011235955057,4.49438202247191,/,/,/,32.2463768115942,36.36363636363637,7.584722969338353,0.0,1.0,/,/,0.0
121,sepsis_cases_2,index,LR,0.926274794235439,311,183,118,/,/,/,612,69.0,82.0,24.0,/,/,/,175.0,22.18649517684888,44.80874316939891,20.338983050847457,/,/,/,39.42857142857143,46.85714285714285,13.714285714285714,/,/,/,28.594771241830067,34.480903711672944,6.777837547068316,0.0,1.0,/,/,0.0
122,sepsis_cases_2,agg,LLM,0.8947809908233736,78,183,15,/,/,/,276,72.5,120.5,13.5,/,/,/,206.5,92.94871794871794,65.84699453551912,90.0,/,/,/,35.1089588377724,58.353510895883765,6.5375302663438255,/,/,/,74.81884057971014,25.874125874125877,15.814954276492738,0.0537923614846691,1.0,/,/,0.0
123,sepsis_cases_2,index,LLM,0.8817981142190405,311,183,118,/,/,/,612,256.0,127.66666666666666,89.33333333333333,/,/,/,473.0,82.31511254019293,69.76320582877959,75.70621468926552,/,/,/,54.12262156448204,26.9908386187456,18.886539816772373,/,/,/,77.28758169934639,33.620225927918234,30.554061323292093,0.3765465303926842,1.0,/,/,0.0
124,sepsis_cases_2,agg,GLRM,0.7304216202579547,78,183,15,0,0,1,277,0.0,4.0,0.0,0,0,1,5.0,0.0,2.185792349726776,0.0,0,0,100.0,0.0,80.0,0.0,0.0,0.0,20.0,1.8050541516245489,0.0,100.0,0.0,1.0,/,/,0.0
125,sepsis_cases_2,index,GLRM,0.7304216202579547,311,183,118,0,0,1,613,0.0,4.0,0.0,0,0,1,5.0,0.0,2.185792349726776,0.0,0,0,100.0,0.0,80.0,0.0,0.0,0.0,20.0,0.8156606851549756,0.0,100.0,0.0,1.0,/,/,0.0
126,sepsis_cases_2,agg,XGB,0.8492195137334049,78,183,15,/,/,/,276,52.0,59.00000000000001,7.0,/,/,/,118.0,66.66666666666667,32.24043715846995,46.66666666666666,/,/,/,44.067796610169495,50.00000000000001,5.932203389830509,/,/,/,42.7536231884058,96.23453469607315,2.151694459386767,0.2151694459386766,0.3899012979421394,"[7, 3, 0]","[4, 6, 0]",4.242640687119285
127,sepsis_cases_2,index,XGB,0.8679038819337138,311,183,118,/,/,/,612,111.0,50.99999999999999,11.0,/,/,/,173.0,35.69131832797428,27.868852459016388,9.322033898305085,/,/,/,64.16184971098266,29.479768786127163,6.358381502890174,/,/,/,28.26797385620915,96.82625067240453,2.151694459386767,0.4303388918773533,0.6307716896862804,"[7, 3, 0]","[5, 5, 0]",2.8284271247461903
128,sepsis_cases_2,agg,RF,0.8269859039450034,78,183,15,/,/,/,276,75.0,181.0,12.0,/,/,/,268.0,96.15384615384616,98.90710382513662,80.0,/,/,/,27.98507462686567,67.53731343283582,4.477611940298507,/,/,/,97.10144927536231,66.70252824098978,4.249596557288865,0.3765465303926842,0.0104024242156859,"[2, 8, 0]","[0, 10, 0]",2.8284271247461903
129,sepsis_cases_2,index,RF,0.8197313235154994,311,183,118,/,/,/,612,236.0,183.0,93.0,/,/,/,512.0,75.88424437299035,100.0,78.8135593220339,/,/,/,46.09375,35.7421875,18.1640625,/,/,/,83.66013071895425,52.824098977945134,4.357181280258203,0.6455083378160301,0.288547048782988,"[1, 9, 0]","[1, 9, 0]",0.0
130,sepsis_cases_2,embed,LSTM,0.7931790230519379,12,24,1,/,/,/,37,12.0,24.0,1.0,/,/,/,37.0,100.0,100.0,100.0,/,/,/,32.432432432432435,64.86486486486487,2.702702702702702,/,/,/,100.0,10.124508519003932,9.796854521625162,9.73132372214941,0.7268655763269417,"[1, 8, 1]","[0, 9, 1]",1.4142135623730951
131,sepsis_cases_2,embed,CNN,0.8434076503421526,12,24,1,/,/,/,37,12.0,24.0,1.0,/,/,/,37.0,100.0,100.0,100.0,/,/,/,32.432432432432435,64.86486486486487,2.702702702702702,/,/,/,100.0,10.190039318479686,13.21264744429882,12.983289646133684,-0.5214811269350748,"[1, 9, 0]","[8, 2, 0]",9.899494936611665
132,sepsis_cases_4,agg,LR,0.7377056449539869,80,183,15,/,/,/,278,3.0,14.0,0.0,/,/,/,17.0,3.75,7.6502732240437155,0.0,/,/,/,17.647058823529413,82.3529411764706,0.0,/,/,/,6.115107913669065,0.0,0.0,0.0,1.0,/,/,0.0
133,sepsis_cases_4,index,LR,0.7236883707778521,502,183,178,/,/,/,863,8.0,14.999999999999998,0.0,/,/,/,23.0,1.593625498007968,8.19672131147541,0.0,/,/,/,34.78260869565217,65.21739130434781,0.0,/,/,/,2.6651216685979144,0.0,0.0,0.0,1.0,/,/,0.0
134,sepsis_cases_4,agg,LLM,0.640009511079122,80,183,15,/,/,/,278,76.5,143.0,14.5,/,/,/,234.0,95.625,78.14207650273224,96.66666666666669,/,/,/,32.69230769230769,61.11111111111112,6.196581196581197,/,/,/,84.1726618705036,0.619743249225321,0.0,0.0,1.0,/,/,0.0
135,sepsis_cases_4,index,LLM,0.6147897280345483,502,183,178,/,/,/,863,431.5,143.0,151.5,/,/,/,726.0,85.95617529880478,78.14207650273224,85.11235955056179,/,/,/,59.43526170798898,19.696969696969692,20.867768595041323,/,/,/,84.12514484356895,7.3041168658698545,2.6560424966799467,0.0885347498893315,1.0,/,/,0.0
136,sepsis_cases_4,agg,GLRM,0.7032292684180762,80,183,15,1,0,1,280,2.0,1.0,0.0,1,0,1,5.0,2.5,0.546448087431694,0.0,100.0,0,100.0,40.0,20.0,0.0,20.0,0.0,20.0,1.7857142857142858,25.63081009296149,9.65028773793714,0.0,1.0,/,/,0.0
137,sepsis_cases_4,index,GLRM,0.6611639504395661,502,183,178,2,3,1,869,0.0,4.0,0.0,2,3,1,10.0,0.0,2.185792349726776,0.0,100.0,100.0,100.0,0.0,40.0,0.0,20.0,30.0,10.0,1.150747986191024,0.4869411243913236,18.503762726870296,28.065515714918103,1.0,/,/,0.0
138,sepsis_cases_4,agg,XGB,0.7178531952084725,80,183,15,/,/,/,278,61.0,84.0,6.0,/,/,/,151.0,76.25,45.90163934426229,40.0,/,/,/,40.397350993377486,55.629139072847686,3.9735099337748334,/,/,/,54.31654676258993,83.576803895529,11.7751217352811,0.3098716246126605,0.4059929403347046,"[7, 3, 0]","[1, 9, 0]",8.48528137423857
139,sepsis_cases_4,index,XGB,0.6938383630661663,502,183,178,/,/,/,863,105.0,83.0,15.0,/,/,/,203.0,20.916334661354583,45.3551912568306,8.426966292134832,/,/,/,51.72413793103448,40.88669950738916,7.389162561576355,/,/,/,23.522595596755504,91.63346613545816,6.640106241699867,3.6741921204072594,0.333234859242295,"[6, 4, 0]","[4, 6, 0]",2.8284271247461903
140,sepsis_cases_4,agg,RF,0.7438402909876098,80,183,15,/,/,/,278,77.0,183.0,14.0,/,/,/,274.0,96.25,100.0,93.33333333333331,/,/,/,28.1021897810219,66.78832116788321,5.109489051094891,/,/,/,98.56115107913668,60.513501549358125,90.61531651173084,7.835325365205843,0.0126843644962113,"[8, 2, 0]","[1, 9, 0]",9.899494936611665
141,sepsis_cases_4,index,RF,0.7292787003238909,502,183,178,/,/,/,863,426.0,183.0,152.0,/,/,/,761.0,84.86055776892431,100.0,85.3932584269663,/,/,/,55.97897503285151,24.0473061760841,19.97371879106439,/,/,/,88.18076477404404,63.83355467020806,27.71137671536078,1.195219123505976,0.21407734919733,"[7, 3, 0]","[3, 7, 0]",5.656854249492381
142,sepsis_cases_4,embed,LSTM,0.6291379620585059,12,24,1,/,/,/,37,12.0,24.0,1.0,/,/,/,37.0,100.0,100.0,100.0,/,/,/,32.432432432432435,64.86486486486487,2.702702702702702,/,/,/,100.0,1.818471845589408,1.807837507311108,1.807837507311108,0.4664868175265655,"[1, 8, 1]","[5, 5, 0]",5.0990195135927845
143,sepsis_cases_4,embed,CNN,0.6205651380391755,12,24,1,/,/,/,37,12.0,0.0,1.0,/,/,/,13.0,100.0,0.0,100.0,/,/,/,92.3076923076923,0.0,7.6923076923076925,/,/,/,35.13513513513514,10.25681926942096,9.554952943053118,9.554952943053118,-0.5585058045412423,"[0, 9, 1]","[7, 3, 0]",9.273618495495704
144,production,agg,LR,0.6564349112426036,107,35,26,/,/,/,168,32.0,25.0,12.0,/,/,/,69.0,29.897196261682243,71.42857142857143,46.15384615384615,/,/,/,46.37681159420289,36.231884057971016,17.391304347826086,/,/,/,41.07142857142857,0.0,0.0,0.0,1.0,/,/,0.0
145,production,index,LR,0.7303994082840237,1135,35,441,/,/,/,1611,169.00000000000003,22.0,68.0,/,/,/,259.0,14.889867841409693,62.85714285714285,15.419501133786849,/,/,/,65.25096525096527,8.494208494208495,26.254826254826256,/,/,/,16.07697082557418,3.4965034965034967,1.3986013986013983,0.0,1.0,/,/,0.0
146,production,agg,LLM,0.5683643279797126,107,35,26,/,/,/,168,102.0,25.0,24.0,/,/,/,151.0,95.32710280373831,71.42857142857143,92.3076923076923,/,/,/,67.54966887417218,16.556291390728475,15.894039735099335,/,/,/,89.88095238095238,20.62937062937063,26.223776223776223,0.3496503496503496,1.0,/,/,0.0
147,production,index,LLM,0.5719568892645817,1135,35,441,/,/,/,1611,895.5,24.5,319.0,/,/,/,1239.0,78.89867841409692,70.0,72.33560090702947,/,/,/,72.27602905569007,1.9774011299435028,25.746569814366424,/,/,/,76.90875232774674,12.937062937062937,25.524475524475527,0.0,1.0,/,/,0.0
148,production,agg,GLRM,0.5335745984784447,107,35,26,0,1,1,170,3.0,1.0,4.0,0,1,1,10.0,2.803738317757009,2.857142857142857,15.384615384615383,0,100.0,100.0,30.0,10.0,40.0,0.0,10.0,10.0,5.882352941176471,7.6923076923076925,22.02797202797203,61.53846153846154,1.0,/,/,0.0
149,production,index,GLRM,0.6441515215553677,1135,35,441,0,2,1,1614,2.0,1.0,2.0,0,2,1,8.0,0.1762114537444934,2.857142857142857,0.4535147392290249,0,100.0,100.0,25.0,12.5,25.0,0.0,25.0,12.5,0.4956629491945477,40.909090909090914,39.16083916083916,0.0,1.0,/,/,0.0
150,production,agg,XGB,0.7409657650042266,107,35,26,/,/,/,168,80.0,7.0,14.999999999999998,/,/,/,102.0,74.76635514018692,20.0,57.692307692307686,/,/,/,78.43137254901961,6.862745098039215,14.705882352941174,/,/,/,60.71428571428572,35.66433566433567,31.11888111888112,28.321678321678323,0.8751492109177115,"[8, 2, 0]","[6, 3, 1]",2.449489742783178
151,production,index,XGB,0.6973795435333897,1135,35,441,/,/,/,1611,93.0,10.0,21.0,/,/,/,124.0,8.193832599118943,28.571428571428573,4.761904761904762,/,/,/,75.0,8.064516129032258,16.93548387096774,/,/,/,7.697082557417753,36.71328671328671,38.111888111888106,20.97902097902098,0.2790250068670024,"[7, 2, 1]","[6, 3, 1]",1.4142135623730951
152,production,agg,RF,0.712964919695689,107,35,26,/,/,/,168,99.0,34.0,25.0,/,/,/,158.0,92.5233644859813,97.14285714285714,96.15384615384616,/,/,/,62.65822784810127,21.518987341772156,15.822784810126585,/,/,/,94.04761904761904,17.482517482517483,39.86013986013986,23.07692307692308,0.1688669530387521,"[6, 2, 2]","[7, 3, 0]",2.449489742783178
153,production,index,RF,0.717032967032967,1135,35,441,/,/,/,1611,760.0,34.0,286.0,/,/,/,1080.0,66.96035242290749,97.14285714285714,64.85260770975057,/,/,/,70.37037037037037,3.1481481481481484,26.48148148148148,/,/,/,67.0391061452514,9.79020979020979,35.31468531468531,26.223776223776223,0.1095071561112774,"[7, 2, 1]","[8, 2, 0]",1.4142135623730951
154,production,embed,LSTM,0.6398985629754861,14,3,1,/,/,/,18,14.0,3.0,1.0,/,/,/,18.0,100.0,100.0,100.0,/,/,/,77.77777777777777,16.666666666666668,5.555555555555555,/,/,/,100.0,9.103260869565217,12.771739130434783,10.122282608695652,0.6428793093477733,"[6, 3, 1]","[6, 3, 1]",0.0
155,production,embed,CNN,0.6941303888419272,14,3,1,/,/,/,18,14.0,3.0,1.0,/,/,/,18.0,100.0,100.0,100.0,/,/,/,77.77777777777777,16.666666666666668,5.555555555555555,/,/,/,100.0,10.9375,11.277173913043478,10.529891304347826,0.1425889099126992,"[6, 3, 1]","[7, 2, 1]",1.4142135623730951
